Câu hỏi,Câu trả lời
Điểm chuẩn đánh giá năng lực các ngành học ở UIT năm 2024 là bao nhiêu?,"danh sách điểm chuẩn xét tuyển dựa trên kết quả kỳ thi đánh giá năng lực ĐHQG-HCM 2024 của các ngành tại UIT

Ngành Thương mại Điện tử có điểm đánh giá năng lực năm 2024 là 870.
Ngành Khoa học Dữ liệu có điểm đánh giá năng lực năm 2024 là 935.
Ngành Khoa học Máy tính có điểm đánh giá năng lực năm 2024 là 925.
Ngành Mạng Máy tính và Truyền thông Dữ liệu có điểm đánh giá năng lực năm 2024 là 855.
Ngành Kỹ thuật Phần mềm có điểm đánh giá năng lực năm 2024 là 920.
Ngành Hệ thống Thông tin có điểm đánh giá năng lực năm 2024 là 880.
Ngành Hệ thống Thông tin (Tiên tiến) có điểm đánh giá năng lực năm 2024 là 850.
Ngành Kỹ thuật Máy tính có điểm đánh giá năng lực năm 2024 là 888.
Ngành Trí tuệ Nhân tạo có điểm đánh giá năng lực năm 2024 là 980.
Ngành Công nghệ Thông tin có điểm đánh giá năng lực năm 2024 là 915.
Ngành Công nghệ Thông tin (Việt-Nhật) có điểm đánh giá năng lực năm 2024 là 850.
Ngành An toàn Thông tin có điểm đánh giá năng lực năm 2024 là 910.
Ngành Thiết kế Vi mạch có điểm đánh giá năng lực năm 2024 là 910."
Điểm chuẩn các ngành học ở UIT năm 2024 là bao nhiêu?,"Điểm chuẩn các ngành học ở UIT năm 2024. Dưới đây là danh sách điểm chuẩn xét tuyển kết quả thi THPT 2024 của các ngành tại UIT:

Ngành Thương mại Điện tử có điểm chuẩn năm 2024 là 25.3.
Ngành Khoa học Dữ liệu có điểm chuẩn năm 2024 là 27.5.
Ngành Khoa học Máy tính có điểm chuẩn năm 2024 là 27.3.
Ngành Trí tuệ Nhân tạo có điểm chuẩn năm 2024 là 28.3.
Ngành Mạng Máy tính và Truyền thông Dữ liệu có điểm chuẩn năm 2024 là 25.7.
Ngành Kỹ thuật Phần mềm có điểm chuẩn năm 2024 là 26.85.
Ngành Hệ thống Thông tin có điểm chuẩn năm 2024 là 26.25.
Ngành Hệ thống Thông tin (Tiên tiến) có điểm chuẩn năm 2024 là 25.55.
Ngành Kỹ thuật Máy tính có điểm chuẩn năm 2024 là 26.25.
Ngành Công nghệ Thông tin có điểm chuẩn năm 2024 là 27.1.
Ngành Công nghệ Thông tin (Việt - Nhật) có điểm chuẩn năm 2024 là 25.55.
Ngành An toàn Thông tin có điểm chuẩn năm 2024 là 26.77.
Ngành Thiết kế Vi mạch có điểm chuẩn năm 2024 là 26.5."